enormously,tremendously,appropriately,guess
provisions,stipulations,jurisdictions,guess
haphazardly,randomly,densely,guess
prominent,conspicuous,mysterious,guess
zenith,pinnacle,pinnacle,guess
flawed,imperfect,imperfect,guess
urgently,desperately,conceivably,guess
consumed,eaten,bred,guess
advent,coming,financing,guess
concisely,succinctly,powerfully,guess
salutes,greetings,greetings,guess
solitary,alone,restless,guess
hasten,accelerate,permit,guess
perseverance,endurance,generosity,guess
fanciful,imaginative,familiar,guess
showed,demonstrated,demonstrated,guess
constantly,continually,continually,guess
issues,subjects,subjects,guess
furnish,supply,impress,guess
costly,expensive,popular,guess
recognized,acknowledged,depicted,guess
spot,location,latitude,guess
make,earn,trade,guess
often,frequently,frequently,guess
easygoing,relaxed,frontier,guess
debate,argument,election,guess
narrow,thin,thin,guess
arranged,planned,explained,guess
infinite,limitless,relative,guess
showy,striking,entertaining,guess
levied,imposed,requested,guess
deftly,skillfully,occasionally,guess
distribute,circulate,circulate,guess
discrepancies,differences,deposits,guess
prolific,productive,productive,guess
unmatched,unequaled,alienated,guess
peculiarly,uniquely,uniquely,guess
hue,color,glare,guess
hind,rear,muscular,guess
highlight,accentuate,imitate,guess
hastily,hurriedly,hurriedly,guess
temperate,mild,short,guess
grin,smile,joke,guess
verbally,orally,fittingly,guess
physician,doctor,pharmacist,guess
essentially,basically,basically,guess
keen,sharp,famous,guess
situated,positioned,isolated,guess
principal,major,most,guess
slowly,gradually,gradually,guess
built,constructed,financed,guess
tasks,jobs,shops,guess
unlikely,improbable,different,guess
halfheartedly,apathetically,apathetically,guess
annals,chronicles,trails,guess
wildly,furiously,abruptly,guess
hailed,acclaimed,remembered,guess
command,mastery,observation,guess
concocted,devised,requested,guess
prospective,potential,potential,guess
generally,broadly,controversially,guess
sustained,prolonged,lowered,guess
perilous,dangerous,exciting,guess
tranquillity,peacefulness,weariness,guess
dissipate,disperse,isolate,guess
primarily,chiefly,cautiously,guess
colloquial,conversational,incorrect,guess
resolved,settled,forgotten,guess
feasible,possible,possible,guess
expeditiously,rapidly,rapidly,guess
percentage,proportion,volume,guess
terminated,ended,ended,guess
uniform,alike,hard,guess
figure,solve,divide,guess
sufficient,enough,enough,guess
fashion,manner,fathom,guess
marketed,sold,sweetened,guess
bigger,larger,closer,guess
roots,origins,rituals,guess
normally,ordinarily,permanently,guess
